{
    "Linear": {
        "mae": 3152547.308215952,
        "mse": 19577197504408.324,
        "rmse": 4424612.695412823,
        "r2": 0.6046788858685224
    },
    "Ridge": {
        "mae": 3207019.148762949,
        "mse": 20027048786802.902,
        "rmse": 4475159.079496829,
        "r2": 0.595595067303089
    },
    "Lasso": {
        "mae": 3206858.100210295,
        "mse": 20026687676918.297,
        "rmse": 4475118.733276056,
        "r2": 0.5956023591722073
    },
    "KNN": {
        "mae": 2801067.286777702,
        "mse": 16583554162929.652,
        "rmse": 4072291.0213944255,
        "r2": 0.6651293370017421
    },
    "SGD": {
        "mae": 3161292.6216536006,
        "mse": 19644488639075.082,
        "rmse": 4432210.355914426,
        "r2": 0.6033200802314211
    },
    "RF": {
        "mae": 2715599.577433629,
        "mse": 15747625450018.137,
        "rmse": 3968327.7901426107,
        "r2": 0.6820091927649717
    },
    "AB": {
        "mae": 2817020.8491357514,
        "mse": 15776310592817.385,
        "rmse": 3971940.4065037766,
        "r2": 0.6814299554860984
    },
    "GB": {
        "mae": 2760250.2198700113,
        "mse": 17442871281996.78,
        "rmse": 4176466.363086955,
        "r2": 0.6477772006285265
    },
    "HGB": {
        "mae": 2677487.227089132,
        "mse": 16399631338025.266,
        "rmse": 4049645.8287145635,
        "r2": 0.6688432790018184
    }
}
