{
    "mae": 2623179.291023109,
    "mse": 15216420055369.95,
    "rmse": 3900822.997185331,
    "r2": 0.6927357897867206
}
