{
    "Linear": {
        "mae": 3597152.2879581153,
        "mse": 27324561771447.387,
        "rmse": 5227290.098267686,
        "r2": 0.4486540287383025
    },
    "Ridge": {
        "mae": 3596007.249287563,
        "mse": 27315969542003.613,
        "rmse": 5226468.1709548,
        "r2": 0.4488273999025907
    },
    "Lasso": {
        "mae": 3596752.2071511457,
        "mse": 27320822714384.25,
        "rmse": 5226932.438283878,
        "r2": 0.4487294741952258
    },
    "KNN": {
        "mae": 3361566.9629565743,
        "mse": 25959027357852.492,
        "rmse": 5095000.231388856,
        "r2": 0.4762073305570884
    },
    "SGD": {
        "mae": 3508880.290952705,
        "mse": 29377566505473.426,
        "rmse": 5420107.610137776,
        "r2": 0.40722917813853055
    },
    "SVR": {
        "mae": 5359511.005153117,
        "mse": 74955465030261.31,
        "rmse": 8657682.42835583,
        "r2": -0.5124265858003754
    },
    "RF": {
        "mae": 3371781.3900852934,
        "mse": 25243517702209.184,
        "rmse": 5024292.756419472,
        "r2": 0.4906446477714492
    },
    "AB": {
        "mae": 3142937.4485165793,
        "mse": 26571145613482.6,
        "rmse": 5154720.711491807,
        "r2": 0.4638562108209229
    },
    "GB": {
        "mae": 3282049.910416175,
        "mse": 27619372267083.363,
        "rmse": 5255413.615224149,
        "r2": 0.44270544005043533
    }
}