{"AB": {"mae": 3174376.8642561864, "mse": 20279200305989.598, "rmse": 4503243.309659117, "r2": 0.6180327228847478}, "GB": {"mae": 4101548.3164781793, "mse": 37491077441709.195, "rmse": 6122995.789783723, "r2": 0.29383976929814604}, "Linear": {"mae": 4410200.963744024, "mse": 35987179595247.52, "rmse": 5998931.5378030045, "r2": 0.3221663185113708}, "Ridge": {"mae": 4410146.485246592, "mse": 35986339333825.48, "rmse": 5998861.503137531, "r2": 0.32218214518907995}, "Lasso": {"mae": 4410147.055453559, "mse": 35986336234173.445, "rmse": 5998861.244784167, "r2": 0.3221822035723313}, "KNN": {"mae": 4263596.943420709, "mse": 35665678461551.625, "rmse": 5972074.887470151, "r2": 0.32822192774518344}, "SGD": {"mae": 4247581.561410666, "mse": 38789287754521.25, "rmse": 6228104.667916336, "r2": 0.2693874313940079}, "SVR": {"mae": 4463111.504347598, "mse": 47056814112893.195, "rmse": 6859796.943998649, "r2": 0.11366509106813238}, "RF": {"mae": 3982612.6479100073, "mse": 28937739421037.414, "rmse": 5379380.95146992, "r2": 0.454945492635639}}